Page Title,Url,Status, Count
Bus Plug,http://localhost:3000/Products/Bus-Plugs,200,40467
Bus Plug,http://localhost:3000/Products/Bus-Plugs-ABB,200,7329
Bus Plug,http://localhost:3000/Products/Bus-Plugs-Allen-Bradley,200,1
Bus Plug,http://localhost:3000/Products/Bus-Plugs-American,200,59
Bus Plug,http://localhost:3000/Products/Bus-Plugs-Arrow-Hart,200,62
Bus Plug,http://localhost:3000/Products/Bus-Plugs-BRAH-Electric,200,618
Bus Plug,http://localhost:3000/Products/Bus-Plugs-Bulldog,200,603
Bus Plug,http://localhost:3000/Products/Bus-Plugs-Challenger,200,24
Bus Plug,http://localhost:3000/Products/Bus-Plugs-Commander,200,null
Bus Plug,http://localhost:3000/Products/Bus-Plugs-Cutler-Hammer,200,10162
Bus Plug,http://localhost:3000/Products/Bus-Plugs-Eaton,200,10007
Bus Plug,http://localhost:3000/Products/Bus-Plugs-Federal-Pacific,200,86
Bus Plug,http://localhost:3000/Products/Bus-Plugs-Federal-Pioneer,200,1
Bus Plug,http://localhost:3000/Products/Bus-Plugs-Furnas,200,null
Bus Plug,http://localhost:3000/Products/Bus-Plugs-General-Electric,200,12578
Bus Plug,http://localhost:3000/Products/Bus-Plugs-Gould,200,1711
Bus Plug,http://localhost:3000/Products/Bus-Plugs-IEM,200,null
Bus Plug,http://localhost:3000/Products/Bus-Plugs-ITE,200,1771
Bus Plug,http://localhost:3000/Products/Bus-Plugs-Merlin-Gerin,200,null
Bus Plug,http://localhost:3000/Products/Bus-Plugs-Schneider-Electric,200,7011
Bus Plug,http://localhost:3000/Products/Bus-Plugs-Siemens,200,9218
Bus Plug,http://localhost:3000/Products/Bus-Plugs-Square-D,200,7014
Bus Plug,http://localhost:3000/Products/Bus-Plugs-Sylvania,200,2
Bus Plug,http://localhost:3000/Products/Bus-Plugs-Telemecanique,200,null
Bus Plug,http://localhost:3000/Products/Bus-Plugs-Thomas-Betts,200,null
Bus Plug,http://localhost:3000/Products/Bus-Plugs-Westinghouse,200,10050
Bus Plug,http://localhost:3000/Products/Bus-Plugs-Zinsco,200,2
Breaker Type Bus Plug,http://localhost:3000/Products/Breaker-Type,200,31846
,http://localhost:3000/Products/Breaker-Type-ABB,404,null
,http://localhost:3000/Products/Breaker-Type-Allen-Bradley,404,null
,http://localhost:3000/Products/Breaker-Type-American,404,null
Breaker Type Bus Plug,http://localhost:3000/Products/Breaker-Type-Arrow-Hart,200,2
Breaker Type Bus Plug,http://localhost:3000/Products/Breaker-Type-BRAH-Electric,200,24
,http://localhost:3000/Products/Breaker-Type-Bulldog,404,null
,http://localhost:3000/Products/Breaker-Type-Challenger,404,null
,http://localhost:3000/Products/Breaker-Type-Commander,404,null
,http://localhost:3000/Products/Breaker-Type-Cutler-Hammer,404,null
Breaker Type Bus Plug,http://localhost:3000/Products/Breaker-Type-Eaton,200,8959
Breaker Type Bus Plug,http://localhost:3000/Products/Breaker-Type-Federal-Pacific,200,31846
Bus Plug,http://localhost:3000/Products/Breaker-Type-Federal-Pioneer,200,1
Breaker Type Bus Plug,http://localhost:3000/Products/Breaker-Type-Furnas,200,31846
,http://localhost:3000/Products/Breaker-Type-General-Electric,404,null
,http://localhost:3000/Products/Breaker-Type-Gould,404,null
,http://localhost:3000/Products/Breaker-Type-IEM,404,null
Breaker Type Bus Plug,http://localhost:3000/Products/Breaker-Type-ITE,200,1421
,http://localhost:3000/Products/Breaker-Type-Merlin-Gerin,404,null
,http://localhost:3000/Products/Breaker-Type-Schneider-Electric,404,null
Breaker Type Bus Plug,http://localhost:3000/Products/Breaker-Type-Siemens,200,7104
,http://localhost:3000/Products/Breaker-Type-Square-D,404,null
Bus Plug,http://localhost:3000/Products/Breaker-Type-Sylvania,200,2
Breaker Type Bus Plug,http://localhost:3000/Products/Breaker-Type-Telemecanique,200,31846
,http://localhost:3000/Products/Breaker-Type-Thomas-Betts,404,null
,http://localhost:3000/Products/Breaker-Type-Westinghouse,404,null
,http://localhost:3000/Products/Breaker-Type-Zinsco,404,null
Fusible Style Bus Plug,http://localhost:3000/Products/Fusible,200,6535
,http://localhost:3000/Products/Fusible-ABB,404,null
Fusible Style Bus Plug,http://localhost:3000/Products/Fusible-Allen-Bradley,200,6535
,http://localhost:3000/Products/Fusible-American,404,null
,http://localhost:3000/Products/Fusible-Arrow-Hart,404,null
,http://localhost:3000/Products/Fusible-BRAH-Electric,404,null
,http://localhost:3000/Products/Fusible-Bulldog,404,null
,http://localhost:3000/Products/Fusible-Challenger,404,null
,http://localhost:3000/Products/Fusible-Commander,404,null
Fusible Style Bus Plug,http://localhost:3000/Products/Fusible-Cutler-Hammer,200,991
,http://localhost:3000/Products/Fusible-Eaton,404,null
,http://localhost:3000/Products/Fusible-Federal-Pacific,404,null
,http://localhost:3000/Products/Fusible-Federal-Pioneer,404,null
,http://localhost:3000/Products/Fusible-Furnas,404,null
Fusible Style Bus Plug,http://localhost:3000/Products/Fusible-General-Electric,200,2458
,http://localhost:3000/Products/Fusible-Gould,404,null
Bus Plug,http://localhost:3000/Products/Fusible-IEM,200,40467
,http://localhost:3000/Products/Fusible-ITE,404,null
Breaker Type Bus Plug,http://localhost:3000/Products/Fusible-Merlin-Gerin,200,31846
Fusible Style Bus Plug,http://localhost:3000/Products/Fusible-Schneider-Electric,200,619
Fusible Style Bus Plug,http://localhost:3000/Products/Fusible-Siemens,200,1725
Fusible Style Bus Plug,http://localhost:3000/Products/Fusible-Square-D,200,661
,http://localhost:3000/Products/Fusible-Sylvania,404,null
,http://localhost:3000/Products/Fusible-Telemecanique,404,null
,http://localhost:3000/Products/Fusible-Thomas-Betts,404,null
,http://localhost:3000/Products/Fusible-Westinghouse,404,null
,http://localhost:3000/Products/Fusible-Zinsco,404,null
Bus Plug Conversion Kit,http://localhost:3000/Products/Conversion-Kits,200,25
Bus Plug Conversion Kit,http://localhost:3000/Products/Conversion-Kits-ABB,200,null
Bus Plug Conversion Kit,http://localhost:3000/Products/Conversion-Kits-Allen-Bradley,200,null
Bus Plug Conversion Kit,http://localhost:3000/Products/Conversion-Kits-American,200,null
Bus Plug Conversion Kit,http://localhost:3000/Products/Conversion-Kits-Arrow-Hart,200,null
Bus Plug Conversion Kit,http://localhost:3000/Products/Conversion-Kits-BRAH-Electric,200,5
Bus Plug Conversion Kit,http://localhost:3000/Products/Conversion-Kits-Bulldog,200,null
Bus Plug Conversion Kit,http://localhost:3000/Products/Conversion-Kits-Challenger,200,null
Bus Plug Conversion Kit,http://localhost:3000/Products/Conversion-Kits-Commander,200,null
Bus Plug Conversion Kit,http://localhost:3000/Products/Conversion-Kits-Cutler-Hammer,200,null
Bus Plug Conversion Kit,http://localhost:3000/Products/Conversion-Kits-Eaton,200,null
Bus Plug Conversion Kit,http://localhost:3000/Products/Conversion-Kits-Federal-Pacific,200,null
Bus Plug Conversion Kit,http://localhost:3000/Products/Conversion-Kits-Federal-Pioneer,200,null
Bus Plug Conversion Kit,http://localhost:3000/Products/Conversion-Kits-Furnas,200,null
Bus Plug Conversion Kit,http://localhost:3000/Products/Conversion-Kits-General-Electric,200,20
Bus Plug Conversion Kit,http://localhost:3000/Products/Conversion-Kits-Gould,200,null
Bus Plug Conversion Kit,http://localhost:3000/Products/Conversion-Kits-IEM,200,null
Bus Plug Conversion Kit,http://localhost:3000/Products/Conversion-Kits-ITE,200,null
Bus Plug Conversion Kit,http://localhost:3000/Products/Conversion-Kits-Merlin-Gerin,200,null
